{
  "norm_stats": {
    "state": {
      "mean": [
        0.000019752304069697857,
        -0.22652161121368408,
        -0.004178436007350683,
        -2.7669856548309326,
        -0.007261619903147221,
        2.4668126106262207,
        0.778806209564209,
        0.028607159852981567,
        0.028670014813542366
      ],
      "std": [
        0.18296878039836884,
        0.2957199215888977,
        0.23884014785289764,
        0.20227813720703125,
        0.10311925411224365,
        0.3923259973526001,
        0.14076057076454163,
        0.011378509923815727,
        0.011314114555716515
      ],
      "q01": [
        -0.229713221168518,
        -0.918032556939125,
        -0.4088045960426334,
        -3.0717999935150146,
        -0.2148460040092468,
        1.6128852510452272,
        0.43470824897289273,
        0.016399499661987647,
        0.016591999657452106
      ],
      "q99": [
        0.20159840736389167,
        0.16770220348834997,
        0.45586284999847404,
        -2.2649555003643034,
        0.23312898182868969,
        3.2913189401626584,
        1.1306098391115667,
        0.03999229910611175,
        0.03999229910611175
      ]
    },
    "actions": {
      "mean": [
        -0.0033405700232833624,
        -0.04712670296430588,
        -0.001545841689221561,
        0.10937947034835815,
        0.004511919338256121,
        -0.18585127592086792,
        -0.00509897293522954,
        0.014710831455886364
      ],
      "std": [
        0.19843091070652008,
        0.48468950390815735,
        0.1901881843805313,
        0.3375677466392517,
        0.1938972771167755,
        0.7310077548027039,
        0.17275284230709076,
        0.01928788423538208
      ],
      "q01": [
        -0.2618593654632564,
        -1.7216195523262023,
        -0.2672777114868161,
        -0.47180659341812126,
        -0.26788619279861425,
        -2.312171595096588,
        -0.2021955696105957,
        0.0
      ],
      "q99": [
        0.22874412918090847,
        0.7397003819942474,
        0.2619381362915041,
        0.9576185994148254,
        0.24779557704925548,
        0.8479166293144225,
        0.19715590267181415,
        0.03999199910610914
      ]
    }
  }
}